word,spam,ham
spent,0.000100,0.000333
telling,0.000100,0.000556
arrange,0.000301,0.000185
exciting,0.000502,0.000111
moji,0.000100,0.000185
fool,0.000100,0.000185
dat,0.000100,0.001519
selected,0.002608,0.000185
activities,0.000100,0.000185
bell,0.000100,0.000148
loving,0.000100,0.000667
copy,0.000100,0.000370
activate,0.000602,0.000074
everybody,0.000100,0.000222
mail,0.000100,0.001037
jordan,0.000502,0.000074
hows,0.000100,0.000593
matter,0.000100,0.000259
press,0.000401,0.000407
coins,0.000100,0.000185
says,0.000100,0.001037
ahead,0.000100,0.000296
wks,0.000301,0.000148
rush,0.000100,0.000185
celebrate,0.000100,0.000185
wrong,0.000100,0.000593
aft,0.000100,0.000741
glad,0.000201,0.000370
regards,0.000100,0.000259
oru,0.000100,0.000185
mobilesdirect,0.000401,0.000037
wat,0.000201,0.003963
ticket,0.000201,0.000259
holder,0.000702,0.000037
holiday,0.003310,0.000593
mnth,0.000301,0.000074
long,0.000100,0.001593
thinking,0.000100,0.000741
end,0.001605,0.001037
store,0.000903,0.000148
page,0.000201,0.000259
takin,0.000100,0.000185
box,0.005818,0.000222
fine,0.000100,0.001963
caller,0.001304,0.000074
warm,0.000301,0.000333
sony,0.000903,0.000111
moms,0.000100,0.000222
evn,0.000100,0.000148
mtmsg,0.000602,0.000037
nokia,0.007222,0.000148
early,0.000100,0.001259
yesterday,0.000401,0.000815
tho,0.000100,0.000704
song,0.000401,0.000370
naked,0.000201,0.000259
cine,0.000100,0.000296
txt,0.016752,0.000556
gud,0.000100,0.002074
fat,0.000100,0.000296
simply,0.000401,0.000148
file,0.000100,0.000185
card,0.000502,0.000519
hit,0.000502,0.000444
click,0.000602,0.000111
don,0.001204,0.005815
start,0.000802,0.001111
user,0.000903,0.000074
bay,0.000100,0.000185
stuck,0.000100,0.000148
hey,0.000602,0.004000
pray,0.000100,0.000407
listening,0.000201,0.000222
free,0.022971,0.002259
mum,0.000100,0.000741
praying,0.000100,0.000148
freemsg,0.001505,0.000037
slow,0.000201,0.000407
affairs,0.000100,0.000148
regular,0.000201,0.000111
pobox,0.004313,0.000037
online,0.000100,0.000889
delivery,0.002207,0.000074
laptop,0.000100,0.000482
amazing,0.000401,0.000148
mad,0.000301,0.000222
belovd,0.000100,0.000185
telphone,0.000100,0.000148
guess,0.000802,0.001185
blood,0.000100,0.000444
charity,0.001003,0.000037
how,0.000100,0.001185
hour,0.000100,0.001148
comp,0.001103,0.000111
opinion,0.000100,0.000333
slave,0.000100,0.000333
sky,0.000702,0.000074
drinks,0.000301,0.000148
tot,0.000100,0.000815
walk,0.000201,0.000704
difficult,0.000100,0.000482
vary,0.000702,0.000037
jesus,0.000100,0.000222
test,0.000100,0.000852
winner,0.001705,0.000037
santa,0.000502,0.000037
songs,0.000100,0.000185
having,0.000100,0.001593
football,0.000301,0.000111
various,0.000201,0.000111
face,0.000100,0.001148
mob,0.002608,0.000037
camcorder,0.001605,0.000037
bucks,0.000100,0.000296
videochat,0.000602,0.000037
cheer,0.000100,0.000148
lines,0.000301,0.000074
search,0.000301,0.000593
gbp,0.001705,0.000037
pix,0.000502,0.000185
miles,0.000100,0.000222
somebody,0.000301,0.000370
merry,0.000100,0.000407
flag,0.001003,0.000037
left,0.000201,0.001148
course,0.000100,0.000556
lazy,0.000100,0.000370
tuesday,0.000100,0.000333
joke,0.000100,0.000296
teasing,0.000100,0.000259
ntwk,0.000502,0.000037
girls,0.000602,0.000444
charged,0.001304,0.000037
bloody,0.000100,0.000185
lead,0.000100,0.000222
cabin,0.000100,0.000222
bitch,0.000201,0.000185
paris,0.000502,0.000037
wearing,0.000100,0.000185
dont,0.001304,0.004926
decided,0.000100,0.000630
gentle,0.000100,0.000222
temple,0.000100,0.000185
cam,0.000301,0.000111
goin,0.000100,0.000889
journey,0.000100,0.000185
upload,0.000301,0.000074
date,0.001103,0.000444
bout,0.000201,0.000556
career,0.000201,0.000148
meetin,0.000100,0.000185
tel,0.000201,0.000556
frens,0.000100,0.000333
hip,0.000100,0.000185
reasons,0.000100,0.000185
arsenal,0.000401,0.000037
just,0.007925,0.010853
bonus,0.002207,0.000037
comes,0.000401,0.000704
willing,0.000201,0.000222
violence,0.000100,0.000148
luck,0.000702,0.000296
married,0.000301,0.000222
teaches,0.000100,0.000185
sender,0.000201,0.000111
lot,0.000100,0.001445
minutes,0.000602,0.001037
workin,0.000100,0.000333
season,0.000201,0.000185
bathing,0.000100,0.000185
poor,0.000100,0.000407
mode,0.000100,0.000370
broke,0.000100,0.000222
storming,0.000100,0.000148
today,0.002207,0.005186
mobile,0.013040,0.000593
invited,0.000602,0.000333
vote,0.000201,0.000185
prob,0.000100,0.000630
sitting,0.000100,0.000370
clock,0.000100,0.000185
mobileupd,0.001705,0.000037
brings,0.000201,0.000333
wiv,0.000301,0.000259
floor,0.000100,0.000148
shopping,0.000903,0.000889
address,0.000502,0.000704
national,0.002207,0.000037
nvm,0.000100,0.000222
jstfrnd,0.000100,0.000148
speechless,0.000100,0.000148
room,0.000100,0.001296
lookin,0.000201,0.000222
pilates,0.000100,0.000259
smth,0.000100,0.000630
moral,0.000100,0.000370
shut,0.000100,0.000148
plz,0.000100,0.000963
happened,0.000100,0.000630
light,0.000100,0.000593
maximize,0.000802,0.000037
bud,0.000100,0.000185
university,0.000100,0.000148
raji,0.000100,0.000148
weather,0.000100,0.000296
begin,0.000201,0.000185
enuff,0.000100,0.000148
claim,0.011335,0.000037
neva,0.000100,0.000704
flower,0.000301,0.000185
weak,0.000100,0.000222
askin,0.000100,0.000259
mates,0.001404,0.000111
case,0.000100,0.000556
oops,0.000100,0.000407
dint,0.000100,0.000259
dirty,0.000201,0.000148
expect,0.000100,0.000185
unredeemed,0.000502,0.000037
awarded,0.003912,0.000037
post,0.000502,0.000593
texted,0.000100,0.000185
understood,0.000100,0.000148
wan,0.000502,0.002000
car,0.000100,0.001556
ugh,0.000100,0.000482
freefone,0.000502,0.000037
sentence,0.000100,0.000148
faster,0.000201,0.000148
use,0.001003,0.001519
oso,0.000100,0.000889
currently,0.001103,0.000148
children,0.000401,0.000259
depends,0.000100,0.000296
surely,0.000100,0.000259
thurs,0.000301,0.000148
supply,0.000401,0.000037
nite,0.000502,0.001074
suite,0.001806,0.000111
staying,0.000100,0.000370
menu,0.000201,0.000259
project,0.000100,0.000556
tht,0.000100,0.000370
created,0.000201,0.000222
vava,0.000100,0.000148
ikea,0.000100,0.000148
sms,0.003110,0.000852
join,0.001705,0.000444
imagine,0.000100,0.000296
thts,0.000100,0.000259
twice,0.000100,0.000222
cha,0.000301,0.000111
mummy,0.000100,0.000185
night,0.000702,0.004074
darlin,0.000100,0.000593
interested,0.000201,0.000296
research,0.000100,0.000185
lol,0.000100,0.002741
break,0.000502,0.000519
crazy,0.000602,0.000407
possible,0.000100,0.000370
subs,0.000602,0.000074
argh,0.000100,0.000148
wud,0.000100,0.000148
doctor,0.000100,0.000370
pie,0.000100,0.000185
personality,0.000100,0.000185
ard,0.000100,0.000852
option,0.000100,0.000148
buying,0.000100,0.000370
cartoon,0.000100,0.000222
sir,0.000201,0.001445
gaps,0.000100,0.000185
wap,0.001204,0.000037
management,0.000100,0.000148
fave,0.000100,0.000148
big,0.000301,0.001333
okie,0.000100,0.000741
replying,0.000702,0.000111
pizza,0.000100,0.000333
eerie,0.000602,0.000037
tkts,0.000502,0.000037
arrested,0.000100,0.000222
travel,0.000301,0.000148
cds,0.000602,0.000037
constantly,0.000100,0.000148
sup,0.000100,0.000259
network,0.002608,0.000185
meant,0.000100,0.000556
sad,0.000100,0.000815
settings,0.000401,0.000074
bring,0.000100,0.001000
knows,0.000201,0.000370
unable,0.000301,0.000148
postcode,0.000401,0.000037
teacher,0.000100,0.000148
using,0.000301,0.000296
horny,0.000802,0.000037
makes,0.000100,0.000889
happiness,0.000100,0.000519
liked,0.000100,0.000296
bye,0.000100,0.000259
dare,0.000100,0.000185
bcoz,0.000100,0.000444
bedroom,0.000201,0.000296
hrs,0.002608,0.000407
auction,0.001705,0.000111
scream,0.000100,0.000259
knackered,0.000100,0.000148
stars,0.000201,0.000111
sing,0.000301,0.000148
yetunde,0.000100,0.000185
center,0.000301,0.000111
liao,0.000100,0.001408
looking,0.001003,0.000778
stay,0.000401,0.000778
mrng,0.000100,0.000556
gee,0.000100,0.000296
wins,0.000201,0.000185
tomorrow,0.001103,0.003111
read,0.000201,0.000556
immediately,0.000602,0.000222
bak,0.000100,0.000333
social,0.000100,0.000222
mas,0.000100,0.000185
played,0.000301,0.000111
guaranteed,0.005116,0.000037
ladies,0.000401,0.000148
zed,0.000702,0.000037
gals,0.000100,0.000222
subpoly,0.000401,0.000037
leh,0.000100,0.001148
net,0.001605,0.000333
snow,0.000100,0.000556
log,0.000802,0.000296
recd,0.000502,0.000037
din,0.000100,0.000333
sport,0.000602,0.000074
stockport,0.000702,0.000037
result,0.000100,0.000185
gram,0.000100,0.000148
dvd,0.000802,0.000074
babes,0.000301,0.000185
bought,0.000201,0.000222
january,0.000201,0.000259
fromm,0.000502,0.000037
waitin,0.000100,0.000185
took,0.000100,0.000741
loves,0.000100,0.000333
arcade,0.000702,0.000037
rays,0.000100,0.000222
optout,0.002407,0.000037
paid,0.000201,0.000259
released,0.000201,0.000148
make,0.001404,0.003297
cool,0.000301,0.001519
understand,0.000100,0.000519
planned,0.000100,0.000296
adult,0.000502,0.000074
book,0.000702,0.000667
films,0.000301,0.000074
ummmmmaah,0.000100,0.000148
slippers,0.000100,0.000148
callertune,0.000100,0.000407
daily,0.000502,0.000111
needed,0.000100,0.000185
lonely,0.000301,0.000111
woke,0.000100,0.000407
changed,0.000201,0.000259
ages,0.000201,0.000185
there,0.000502,0.001037
wow,0.000301,0.000407
rcvd,0.001003,0.000037
feb,0.000201,0.000259
personal,0.000301,0.000185
contacted,0.000602,0.000037
inform,0.000100,0.000185
gonna,0.000100,0.002185
finish,0.000100,0.001593
wants,0.000201,0.000778
ending,0.000903,0.000074
joking,0.000100,0.000259
stock,0.000100,0.000222
write,0.000100,0.000407
videophones,0.000602,0.000037
upset,0.000100,0.000185
charge,0.001103,0.000407
gas,0.000100,0.000519
situation,0.000100,0.000370
rent,0.000100,0.000370
hurry,0.000201,0.000259
trip,0.000502,0.000667
loved,0.000100,0.000444
remind,0.000100,0.000222
pages,0.000100,0.000185
messages,0.001404,0.000482
sleeping,0.000100,0.000778
tablets,0.000100,0.000148
jan,0.000100,0.000148
house,0.000201,0.001593
winawk,0.000502,0.000037
aha,0.000100,0.000333
road,0.000100,0.000333
guide,0.000100,0.000222
sighs,0.000100,0.000222
wkend,0.000201,0.000148
dear,0.001705,0.004074
shit,0.000201,0.001370
strong,0.000401,0.000185
morn,0.000100,0.000148
set,0.000201,0.000741
hmv,0.001204,0.000037
remove,0.000502,0.000296
art,0.000100,0.000148
thanks,0.001605,0.002334
sort,0.000201,0.000407
matches,0.000903,0.000037
boston,0.000100,0.000222
eat,0.000100,0.001445
missing,0.000201,0.001037
lie,0.000100,0.000148
wise,0.000100,0.000148
reply,0.010533,0.001667
nice,0.000100,0.002334
quiz,0.001605,0.000037
forever,0.000100,0.000370
machan,0.000100,0.000185
send,0.007122,0.004815
pick,0.000301,0.002593
str,0.000301,0.000148
smokes,0.000100,0.000185
sorted,0.000100,0.000148
website,0.000201,0.000222
smiles,0.000100,0.000222
angry,0.000100,0.000704
semester,0.000100,0.000482
alert,0.000502,0.000037
stomps,0.000100,0.000148
goes,0.000100,0.001000
omg,0.000100,0.000333
happend,0.000100,0.000185
itz,0.000100,0.000148
receive,0.003411,0.000222
hoping,0.000100,0.000407
alrite,0.000100,0.000296
players,0.000100,0.000296
bus,0.000100,0.001148
weekly,0.002508,0.000037
normal,0.000301,0.000333
mark,0.000100,0.000333
james,0.000201,0.000111
sexy,0.001605,0.000482
inside,0.000100,0.000296
total,0.000201,0.000148
fml,0.000301,0.000111
available,0.000401,0.000593
yar,0.000100,0.000519
redeemed,0.001304,0.000037
straight,0.000301,0.000185
philosophy,0.000100,0.000148
blue,0.000201,0.000519
happening,0.000100,0.000296
aiyar,0.000100,0.000185
matured,0.000100,0.000185
biggest,0.000401,0.000074
okey,0.000100,0.000148
lovely,0.000100,0.000593
ref,0.000502,0.000037
tell,0.001705,0.004593
cake,0.000100,0.000333
cafe,0.000100,0.000259
btw,0.000100,0.000222
sore,0.000100,0.000185
lei,0.000100,0.000889
appreciate,0.000100,0.000296
ppmx,0.000802,0.000037
taken,0.000100,0.000185
cleared,0.000100,0.000148
trying,0.001605,0.001037
calling,0.000702,0.000593
stand,0.000100,0.000333
sight,0.000100,0.000296
gorgeous,0.000100,0.000185
finishing,0.000100,0.000148
luxury,0.000301,0.000074
anyways,0.000100,0.000185
den,0.000100,0.001222
wake,0.000100,0.001000
opt,0.001806,0.000037
lucky,0.000903,0.000370
sub,0.000903,0.000111
jst,0.000201,0.000222
child,0.000201,0.000148
wana,0.000100,0.000444
tear,0.000100,0.000296
amp,0.000100,0.003222
xmas,0.001605,0.000482
far,0.000100,0.000630
bag,0.000100,0.000296
comuk,0.000502,0.000037
tcs,0.000502,0.000037
july,0.000301,0.000074
she,0.000100,0.000889
sis,0.000100,0.000667
remember,0.000100,0.001222
dload,0.000602,0.000037
mumtaz,0.000100,0.000185
stomach,0.000100,0.000148
pop,0.000100,0.000148
slap,0.000100,0.000148
deep,0.000100,0.000407
flirt,0.000502,0.000148
earth,0.000100,0.000259
costs,0.000401,0.000111
grl,0.000100,0.000185
diet,0.000100,0.000185
jokes,0.000100,0.000185
love,0.001103,0.007371
monthly,0.000201,0.000111
subscribe,0.000401,0.000037
plan,0.000100,0.001222
music,0.002107,0.000148
regret,0.000100,0.000185
handle,0.000100,0.000185
talk,0.000602,0.001519
ill,0.000201,0.001556
christmas,0.000201,0.000482
mrw,0.000100,0.000222
die,0.000100,0.000519
spl,0.000100,0.000222
pig,0.000100,0.000185
year,0.000702,0.001667
stuff,0.000201,0.001704
aiyah,0.000100,0.000259
bin,0.000201,0.000185
ran,0.000100,0.000222
services,0.001806,0.000074
information,0.000903,0.000185
considering,0.000100,0.000185
crave,0.000100,0.000444
moment,0.000100,0.000407
giving,0.000201,0.000296
birla,0.000100,0.000148
eating,0.000100,0.000296
damn,0.000100,0.000259
shouldn,0.000100,0.000259
abi,0.000100,0.000185
credited,0.000201,0.000148
tirupur,0.000100,0.000148
message,0.003511,0.002334
gone,0.000100,0.000630
reaching,0.000100,0.000370
bahamas,0.000502,0.000037
bags,0.000100,0.000148
wed,0.000201,0.000222
december,0.000602,0.000037
themob,0.000602,0.000037
acc,0.000100,0.000222
returned,0.000100,0.000148
congrats,0.001103,0.000370
xxxx,0.000201,0.000111
speed,0.000201,0.000111
chat,0.004614,0.000556
reason,0.000100,0.000556
awake,0.000100,0.000296
ate,0.000100,0.000259
competition,0.000401,0.000111
selling,0.000201,0.000185
gentleman,0.000100,0.000148
say,0.000100,0.003445
sleep,0.000100,0.002111
wanna,0.001103,0.001074
months,0.000602,0.000333
starting,0.000502,0.000222
delivered,0.000502,0.000037
stupid,0.000100,0.000519
noline,0.000602,0.000037
cornwall,0.000301,0.000074
logo,0.000802,0.000037
outta,0.000100,0.000185
south,0.000100,0.000333
come,0.000301,0.008482
weed,0.000100,0.000370
random,0.000100,0.000259
records,0.000602,0.000037
cheaper,0.000301,0.000148
shirts,0.000100,0.000148
min,0.004414,0.001037
beautiful,0.000100,0.000815
figure,0.000100,0.000407
upgrade,0.000401,0.000037
buy,0.000602,0.002334
gotta,0.000100,0.000482
wnt,0.000100,0.000259
parked,0.000100,0.000148
texts,0.002006,0.000370
treat,0.000100,0.000593
vikky,0.000100,0.000296
looked,0.000100,0.000222
fills,0.000100,0.000185
hungry,0.000301,0.000482
training,0.000100,0.000333
instead,0.000100,0.000296
argue,0.000100,0.000185
moan,0.000201,0.000222
girl,0.000602,0.001185
weekend,0.001003,0.000926
couple,0.000201,0.000482
knew,0.000100,0.000482
urself,0.000100,0.000370
honey,0.000100,0.000333
pound,0.000702,0.000111
prizes,0.000502,0.000037
gently,0.000100,0.000185
film,0.000301,0.000333
yogasana,0.000100,0.000222
knowing,0.000100,0.000148
grahmbell,0.000100,0.000148
choose,0.001103,0.000296
muz,0.000100,0.000444
tonite,0.000100,0.000407
childish,0.000100,0.000259
green,0.000201,0.000222
lecture,0.000100,0.000185
terrible,0.000100,0.000148
mega,0.000201,0.000111
dead,0.000100,0.000370
idk,0.000100,0.000185
happen,0.000100,0.000778
air,0.000100,0.000296
hostel,0.000100,0.000222
kidz,0.000100,0.000185
govt,0.000100,0.000185
msgrcvdhg,0.000502,0.000037
thinkin,0.000100,0.000370
sofa,0.000100,0.000370
bite,0.000100,0.000148
pub,0.000301,0.000630
studying,0.000100,0.000370
can,0.000201,0.002259
park,0.000201,0.000482
day,0.002708,0.008001
asked,0.000702,0.000852
unlimited,0.001103,0.000185
cash,0.007724,0.000482
,0.000201,0.002037
area,0.000903,0.000222
attempt,0.002307,0.000111
talking,0.000100,0.000519
rakhesh,0.000100,0.000407
cook,0.000100,0.000185
cutefrnd,0.000100,0.000148
aiya,0.000100,0.000185
fish,0.000100,0.000148
sheets,0.000100,0.000148
jada,0.000100,0.000185
account,0.002006,0.000815
sae,0.002207,0.000037
fone,0.000602,0.000370
running,0.000201,0.000259
tick,0.000100,0.000259
wouldn,0.000100,0.000222
receipt,0.000401,0.000111
havnt,0.000100,0.000148
thing,0.000201,0.002334
sell,0.000100,0.000407
cost,0.003210,0.000407
follow,0.000301,0.000074
soon,0.000401,0.002185
saturday,0.000802,0.000370
wine,0.000100,0.000444
bid,0.000802,0.000037
teeth,0.000100,0.000185
followed,0.000401,0.000074
possession,0.000100,0.000148
wanted,0.000100,0.001000
melle,0.000100,0.000259
blackberry,0.000100,0.000185
affection,0.000100,0.000185
mths,0.001906,0.000074
bold,0.000100,0.000370
beer,0.000100,0.000222
try,0.000802,0.001593
times,0.000100,0.001037
sit,0.000100,0.000296
couldn,0.000100,0.000259
mtmsgrcvd,0.000502,0.000037
john,0.000100,0.000519
planning,0.000100,0.000333
mmm,0.000100,0.000185
singles,0.000602,0.000037
ain,0.000100,0.000185
breathe,0.000201,0.000111
friendship,0.000100,0.000852
they,0.000201,0.000296
mid,0.000301,0.000222
pictures,0.000100,0.000222
pete,0.000201,0.000370
definitely,0.000201,0.000222
half,0.001404,0.001037
hotel,0.000301,0.000222
stopped,0.000100,0.000222
xxxxxxxxx,0.000401,0.000037
unsold,0.000100,0.000222
eye,0.000301,0.000074
url,0.009931,0.000259
def,0.000100,0.000185
partner,0.000602,0.000074
gang,0.000100,0.000148
awesome,0.000100,0.000741
txting,0.001103,0.000074
heavy,0.000100,0.000296
bringing,0.000201,0.000148
frm,0.000100,0.000556
wasn,0.000100,0.000556
obviously,0.000100,0.000222
bed,0.000100,0.001222
safe,0.000100,0.000444
respond,0.000201,0.000185
june,0.000201,0.000148
changes,0.000100,0.000148
does,0.000401,0.001111
club,0.002207,0.000074
paper,0.000100,0.000444
fix,0.000100,0.000222
throw,0.000100,0.000185
addicted,0.000100,0.000185
lor,0.000100,0.006037
dude,0.000100,0.000889
version,0.000100,0.000259
gives,0.000100,0.000222
xxxxxxx,0.000401,0.000074
shipping,0.000100,0.000148
complete,0.000201,0.000296
favourite,0.000100,0.000148
chikku,0.000100,0.000778
news,0.001103,0.000370
technical,0.000100,0.000185
impossible,0.000100,0.000148
sorry,0.000401,0.005852
ready,0.000702,0.001370
fact,0.000201,0.000370
village,0.000301,0.000148
basically,0.000100,0.000222
hands,0.000100,0.000185
hill,0.000100,0.000185
scared,0.000100,0.000222
hug,0.000100,0.000185
summer,0.000903,0.000074
starts,0.000502,0.000222
yoga,0.000100,0.000296
confidence,0.000100,0.000185
buzy,0.000100,0.000148
insurance,0.000100,0.000296
skilgme,0.000502,0.000037
good,0.001304,0.008630
credit,0.001003,0.000222
direct,0.001103,0.000111
usf,0.000100,0.000444
fantasies,0.000702,0.000037
amt,0.000100,0.000222
careful,0.000301,0.000111
chance,0.002809,0.000482
worse,0.000100,0.000296
thinks,0.001103,0.000185
asks,0.000100,0.000222
embarassed,0.000100,0.000185
movie,0.000301,0.000741
unless,0.000100,0.000370
game,0.001003,0.000482
computer,0.000602,0.000296
moro,0.000201,0.000148
suprman,0.000401,0.000037
voice,0.000100,0.000407
kerala,0.000100,0.000259
food,0.000100,0.000889
smiling,0.000100,0.000778
wishes,0.000100,0.000333
ride,0.000100,0.000222
preferably,0.000100,0.000185
freak,0.000100,0.000185
probably,0.000100,0.001259
operator,0.001605,0.000037
leaves,0.000100,0.000407
laugh,0.000201,0.000370
marriage,0.000100,0.000296
period,0.000100,0.000148
lar,0.000100,0.001445
sat,0.000301,0.001148
tried,0.001705,0.000222
derek,0.000100,0.000222
liverpool,0.000401,0.000037
change,0.000100,0.000852
kept,0.000401,0.000185
aiyo,0.000100,0.000259
com,0.005818,0.000667
meh,0.000100,0.000370
cup,0.000602,0.000185
decide,0.000100,0.000370
ones,0.000301,0.000296
latr,0.000100,0.000222
tihs,0.000100,0.000185
bday,0.000100,0.000185
cut,0.000100,0.000519
showing,0.000100,0.000296
darling,0.000301,0.000148
masters,0.000100,0.000185
class,0.000301,0.001630
original,0.000502,0.000074
cud,0.000100,0.000185
fucking,0.000100,0.000593
colour,0.002006,0.000185
wednesday,0.000100,0.000333
pussy,0.000100,0.000259
inviting,0.000702,0.000037
support,0.000301,0.000444
especially,0.000100,0.000370
cold,0.000100,0.000296
exams,0.000100,0.000222
spending,0.000100,0.000185
shame,0.000100,0.000185
enjoy,0.001204,0.001111
content,0.001505,0.000074
runs,0.000100,0.000148
visit,0.000802,0.000370
ppm,0.005016,0.000037
smile,0.000100,0.001704
havent,0.000100,0.000926
hmm,0.000100,0.000556
wonder,0.000100,0.000444
apartment,0.000100,0.000333
informed,0.000301,0.000185
passionate,0.000100,0.000185
messenger,0.000100,0.000148
fuckin,0.000100,0.000148
pretty,0.000100,0.000593
friday,0.000100,0.000593
gal,0.000100,0.000482
screaming,0.000100,0.000259
app,0.000502,0.000111
lets,0.000201,0.000667
terms,0.001003,0.000111
fren,0.000100,0.000222
haha,0.000100,0.001926
decimal,0.000100,0.000963
point,0.000100,0.000519
jiu,0.000100,0.000222
cooking,0.000100,0.000185
mom,0.000100,0.000630
tis,0.000100,0.000222
taunton,0.000100,0.000185
drivin,0.000100,0.000185
abta,0.000401,0.000037
life,0.000401,0.002963
wish,0.000301,0.001926
pain,0.000100,0.001000
style,0.000100,0.000333
lift,0.000100,0.000296
hmmm,0.000100,0.000519
hook,0.000100,0.000222
nichols,0.000201,0.000111
said,0.000100,0.003297
hair,0.000100,0.000926
kettoda,0.000100,0.000185
closer,0.000100,0.000185
kind,0.000100,0.000630
added,0.000301,0.000185
distance,0.000100,0.000148
speak,0.001103,0.000889
shirt,0.000100,0.000222
strike,0.000100,0.000148
week,0.006119,0.002482
abt,0.000100,0.001000
mah,0.000100,0.000519
cover,0.000100,0.000333
ure,0.000100,0.000185
decision,0.000100,0.000185
cal,0.000201,0.000259
num,0.000100,0.000259
dates,0.000301,0.000111
saved,0.000100,0.000185
legal,0.000100,0.000185
cross,0.000401,0.000074
meal,0.000201,0.000148
college,0.000100,0.000630
murderer,0.000100,0.000296
wats,0.000100,0.000259
putting,0.000100,0.000259
tcr,0.000502,0.000037
ham,0.000100,0.000185
bcums,0.000100,0.000185
norm,0.000903,0.000074
swimming,0.000100,0.000148
alwys,0.000100,0.000148
type,0.000100,0.000630
plans,0.000100,0.000444
died,0.000201,0.000222
award,0.003009,0.000074
father,0.000100,0.000519
learn,0.000301,0.000222
shuhui,0.000100,0.000296
feet,0.000100,0.000185
waiting,0.001806,0.001370
review,0.000502,0.000111
step,0.000100,0.000185
appt,0.000100,0.000185
let,0.000502,0.002815
urgent,0.006420,0.000296
feeling,0.000301,0.000778
uncle,0.000100,0.000482
rose,0.000100,0.000333
sweet,0.000100,0.001333
evening,0.000201,0.001037
hell,0.000100,0.000296
subscription,0.000602,0.000037
unsubscribe,0.001906,0.000037
cheap,0.000502,0.000259
appointment,0.000100,0.000185
man,0.000301,0.001667
wen,0.000100,0.000926
interesting,0.000100,0.000185
key,0.000201,0.000148
service,0.005718,0.000185
cuz,0.000100,0.000296
pissed,0.000100,0.000222
sweetest,0.000100,0.000148
congratulations,0.001505,0.000074
del,0.001003,0.000074
wondering,0.000100,0.000370
team,0.000502,0.000148
anybody,0.000100,0.000259
idiot,0.000201,0.000148
february,0.000100,0.000185
camera,0.003611,0.000148
oredi,0.000100,0.000593
birds,0.000201,0.000185
lounge,0.000201,0.000111
quality,0.000301,0.000222
contract,0.000502,0.000111
urgnt,0.000100,0.000222
carefully,0.000100,0.000185
remembered,0.000100,0.000148
realize,0.000201,0.000111
late,0.000201,0.002185
job,0.000100,0.001630
pics,0.001304,0.000296
member,0.000702,0.000111
intro,0.000100,0.000222
wylie,0.000100,0.000185
wallpaper,0.000401,0.000037
maneesha,0.000100,0.000148
thats,0.000100,0.001630
ringtones,0.000702,0.000037
geeee,0.000100,0.000222
fantasy,0.000602,0.000037
eng,0.000502,0.000074
theory,0.000100,0.000185
qxj,0.000502,0.000037
taylor,0.000100,0.000148
collect,0.002407,0.000222
sick,0.000100,0.000370
tea,0.000100,0.000296
title,0.000401,0.000074
met,0.000201,0.000444
urn,0.000100,0.000185
work,0.000401,0.003630
worth,0.001404,0.000185
leona,0.000100,0.000185
hanging,0.000100,0.000185
feels,0.000100,0.000444
tat,0.000100,0.000259
happy,0.000201,0.003963
mins,0.004815,0.000482
woman,0.000201,0.000185
italian,0.000100,0.000222
inches,0.000100,0.000185
kisses,0.000100,0.000185
meet,0.000903,0.002815
hai,0.000100,0.000296
assume,0.000100,0.000185
way,0.000201,0.003815
doesn,0.000100,0.000741
cancel,0.000602,0.000148
jamster,0.000502,0.000037
cust,0.000502,0.000037
yrs,0.000802,0.000259
uncles,0.000100,0.000185
doc,0.000100,0.000185
church,0.000100,0.000185
ibiza,0.000502,0.000037
ansr,0.000502,0.000037
shorter,0.000100,0.000148
stop,0.012739,0.001408
loads,0.000201,0.000407
moby,0.000502,0.000037
want,0.003110,0.006149
sister,0.000100,0.000667
budget,0.000100,0.000259
reward,0.001204,0.000037
shower,0.000100,0.000444
space,0.000301,0.000222
role,0.000100,0.000259
bowl,0.000100,0.000185
guy,0.000100,0.001000
isn,0.000100,0.000556
mobiles,0.001404,0.000037
wer,0.000100,0.000259
orange,0.002708,0.000185
felt,0.000100,0.000519
yay,0.000100,0.000259
respect,0.000100,0.000222
randomly,0.000301,0.000074
executive,0.000100,0.000148
reveal,0.001304,0.000037
ish,0.000100,0.000482
future,0.000502,0.000185
boring,0.000100,0.000222
busy,0.000301,0.000741
finished,0.000100,0.000741
dream,0.000401,0.000296
mrt,0.000100,0.000370
weight,0.000100,0.000333
points,0.001705,0.000185
internet,0.000201,0.000259
buns,0.000100,0.000222
returns,0.000100,0.000222
money,0.000502,0.002111
getting,0.000502,0.001741
working,0.000100,0.001111
valid,0.002809,0.000037
pic,0.001505,0.000222
truth,0.000100,0.000444
roommate,0.000100,0.000222
you,0.000802,0.003111
dad,0.000100,0.001111
able,0.000100,0.001000
till,0.000401,0.000815
waste,0.000100,0.000296
dark,0.000201,0.000111
lacs,0.000100,0.000259
august,0.000301,0.000074
mon,0.000100,0.000370
enemy,0.000100,0.000185
lose,0.000201,0.000778
drive,0.000100,0.000778
rates,0.001003,0.000074
cheers,0.000100,0.000333
flights,0.000702,0.000037
vip,0.000502,0.000037
attend,0.000100,0.000185
age,0.002508,0.000222
price,0.001906,0.000333
wil,0.000100,0.000704
trust,0.000100,0.000370
unsub,0.000802,0.000037
membership,0.000301,0.000111
subscriber,0.000502,0.000037
saw,0.000100,0.000926
download,0.000401,0.000407
library,0.000100,0.000333
charges,0.000301,0.000148
english,0.000100,0.000222
inclusive,0.000602,0.000037
unique,0.000301,0.000111
open,0.000201,0.000630
cat,0.000100,0.000185
joined,0.000301,0.000259
row,0.001705,0.000148
question,0.000802,0.000593
slowly,0.000100,0.000444
yep,0.000100,0.000407
promise,0.000100,0.000333
milk,0.000100,0.000185
understanding,0.000100,0.000185
bro,0.000100,0.000148
yup,0.000100,0.001630
driving,0.000301,0.000778
pass,0.000602,0.000296
rock,0.000201,0.000407
standard,0.000702,0.000037
isnt,0.000100,0.000259
aint,0.000100,0.000222
wif,0.000100,0.001037
identifier,0.001705,0.000037
euro,0.000903,0.000037
yest,0.000100,0.000296
refused,0.000502,0.000037
care,0.000602,0.002445
thanx,0.000100,0.001259
fingers,0.000100,0.000333
looks,0.000100,0.000296
recently,0.000301,0.000222
tariffs,0.000702,0.000037
little,0.000401,0.001000
eyes,0.000100,0.000370
loverboy,0.000100,0.000259
generally,0.000100,0.000148
ring,0.000502,0.000630
needs,0.000201,0.000593
freephone,0.000903,0.000037
spoke,0.000100,0.000259
sen,0.000100,0.000222
netcollex,0.000502,0.000037
ache,0.000100,0.000185
huh,0.000100,0.000778
welcome,0.001103,0.000185
supposed,0.000100,0.000482
gap,0.000100,0.000259
truly,0.000401,0.000111
white,0.000100,0.000222
blow,0.000301,0.000074
entry,0.002909,0.000037
forget,0.000301,0.000630
hospital,0.000100,0.000407
password,0.000401,0.000185
wah,0.000100,0.000185
contact,0.005617,0.000482
brother,0.000201,0.000741
carlos,0.000100,0.000667
current,0.000301,0.000148
tests,0.000100,0.000148
requests,0.000201,0.000111
exam,0.000100,0.000444
problem,0.000100,0.001445
guys,0.000702,0.001148
quick,0.000100,0.000333
waking,0.000100,0.000222
queen,0.000100,0.000185
think,0.000502,0.004778
usually,0.000100,0.000259
fast,0.000201,0.000593
mind,0.000301,0.001482
landline,0.003310,0.000111
txts,0.001404,0.000037
sam,0.000401,0.000111
sorting,0.000100,0.000148
bad,0.000201,0.001185
bslvyl,0.000100,0.000519
ringtone,0.003310,0.000037
ipod,0.001304,0.000037
custcare,0.001103,0.000037
plane,0.000100,0.000222
anymore,0.000100,0.000333
character,0.000100,0.000259
biz,0.000702,0.000037
quit,0.000100,0.000222
minuts,0.000100,0.000222
letter,0.000100,0.000185
ntt,0.001103,0.000037
buzz,0.000100,0.000296
fever,0.000100,0.000185
wonders,0.000100,0.000185
dem,0.000100,0.000185
shoot,0.000100,0.000185
spend,0.000100,0.000407
model,0.000100,0.000296
ended,0.000100,0.000259
maybe,0.000301,0.001148
comin,0.000100,0.000444
save,0.000401,0.000296
group,0.000100,0.000259
med,0.000401,0.000074
essential,0.000100,0.000185
play,0.001906,0.000815
cause,0.000100,0.000704
vomit,0.000100,0.000222
thangam,0.000100,0.000185
dunno,0.000100,0.001185
bored,0.000502,0.000741
kano,0.000100,0.000259
tour,0.000401,0.000148
cuddle,0.000100,0.000148
seen,0.000100,0.000482
iscoming,0.000301,0.000074
monday,0.000100,0.000444
disturb,0.000100,0.000370
shd,0.000100,0.000296
god,0.000201,0.001704
leaving,0.000100,0.000778
used,0.000201,0.000556
extra,0.000802,0.000222
colleagues,0.000100,0.000370
sipix,0.000702,0.000037
playing,0.000100,0.000222
loss,0.000100,0.000185
wishing,0.000100,0.000407
fantastic,0.000802,0.000148
completely,0.000201,0.000333
nxt,0.000100,0.000296
process,0.000100,0.000259
quote,0.000201,0.000185
video,0.003310,0.000111
shop,0.000903,0.000593
sense,0.000100,0.000296
persons,0.000100,0.000296
list,0.000100,0.000296
hopefully,0.000100,0.000222
place,0.000602,0.002074
bathe,0.000100,0.000407
malaria,0.000100,0.000296
atm,0.000100,0.000222
started,0.000201,0.000704
dating,0.001806,0.000037
confirm,0.000201,0.000444
boost,0.000100,0.000222
enter,0.001103,0.000148
revealed,0.000602,0.000037
weird,0.000100,0.000185
polys,0.000903,0.000037
intelligent,0.000100,0.000185
fancy,0.001003,0.000222
laid,0.000502,0.000074
switch,0.000201,0.000111
latest,0.003712,0.000148
raining,0.000100,0.000259
horrible,0.000100,0.000222
series,0.000100,0.000185
answering,0.000100,0.000185
login,0.000602,0.000111
nature,0.000100,0.000259
conditions,0.000502,0.000074
win,0.007022,0.000444
different,0.000100,0.000407
brilliant,0.000100,0.000222
foreign,0.000100,0.000148
need,0.001103,0.005889
march,0.000100,0.000519
london,0.000502,0.000111
minute,0.000702,0.000482
worried,0.000100,0.000407
accept,0.000100,0.000370
nat,0.000602,0.000037
received,0.000301,0.000111
self,0.000301,0.000259
rude,0.000401,0.000074
dubsack,0.000100,0.000148
photos,0.000100,0.000222
won,0.007624,0.000741
tomo,0.000100,0.000741
msgs,0.001003,0.000370
rest,0.000100,0.000444
arrive,0.000702,0.000074
maid,0.000100,0.000296
barely,0.000100,0.000259
comedy,0.000100,0.000185
access,0.000802,0.000111
sura,0.000100,0.000222
esplanade,0.000100,0.000185
kate,0.000100,0.000444
gettin,0.000301,0.000333
laughed,0.000100,0.000148
entitled,0.000903,0.000037
forward,0.000100,0.000296
salary,0.000100,0.000222
sports,0.000301,0.000074
number,0.003110,0.002519
sea,0.000100,0.000593
local,0.000602,0.000074
brought,0.000301,0.000111
connect,0.000301,0.000111
later,0.000100,0.005037
joy,0.000100,0.000482
fight,0.000100,0.000185
networking,0.000100,0.000148
girlfrnd,0.000100,0.000148
ahmad,0.000100,0.000259
fyi,0.000100,0.000259
allah,0.000100,0.000222
morrow,0.000100,0.000185
came,0.000201,0.001000
when,0.000100,0.000185
warner,0.000301,0.000074
hot,0.001605,0.000296
asking,0.000100,0.000444
hasn,0.000100,0.000185
spoken,0.000100,0.000185
tomarrow,0.000100,0.000148
gimme,0.000100,0.000148
bit,0.000100,0.001630
outside,0.000100,0.000593
tough,0.000100,0.000296
deleted,0.000100,0.000185
hav,0.000100,0.001000
haf,0.000100,0.000889
http,0.002207,0.000037
sale,0.000502,0.000185
site,0.000100,0.000222
harry,0.000502,0.000037
bank,0.000301,0.000482
bugis,0.000100,0.000296
theatre,0.000100,0.000259
yan,0.000100,0.000222
body,0.000100,0.000222
askd,0.000100,0.000482
deal,0.000100,0.000370
tscs,0.000802,0.000037
advice,0.000100,0.000222
valentine,0.000201,0.000333
tncs,0.000702,0.000037
mean,0.000100,0.000778
swing,0.000100,0.000482
likes,0.000100,0.000148
tonight,0.000301,0.002148
means,0.000100,0.001000
sounds,0.000201,0.000630
ends,0.000502,0.000333
police,0.000201,0.000407
spree,0.000802,0.000037
bishan,0.000100,0.000185
holding,0.000100,0.000296
hate,0.000100,0.000222
exactly,0.000100,0.000259
ths,0.000100,0.000148
mate,0.000100,0.000556
forwarded,0.000502,0.000222
students,0.000100,0.000259
morow,0.000201,0.000111
drop,0.000301,0.000630
cars,0.000100,0.000222
lesson,0.000100,0.000667
train,0.000100,0.000370
bright,0.000100,0.000185
pls,0.001204,0.004593
customer,0.005016,0.000370
wife,0.000201,0.001074
link,0.000702,0.000185
tickets,0.000401,0.000296
directly,0.000100,0.000259
wet,0.000301,0.000148
drugs,0.000100,0.000407
prabha,0.000100,0.000222
hols,0.000301,0.000111
voda,0.000602,0.000037
jess,0.000100,0.000185
arms,0.000100,0.000185
story,0.000100,0.000778
lots,0.000301,0.000593
excellent,0.000100,0.000370
fixed,0.000301,0.000259
swt,0.000100,0.000296
who,0.000100,0.000296
opportunity,0.000100,0.000222
shouted,0.000100,0.000148
chinese,0.000100,0.000222
spook,0.000602,0.000037
gravity,0.000100,0.000185
bloomberg,0.000502,0.000037
luv,0.000602,0.001148
numbers,0.001003,0.000185
asap,0.000702,0.000222
single,0.000201,0.000296
midnight,0.000201,0.000259
lmao,0.000100,0.000296
sucks,0.000100,0.000296
threats,0.000100,0.000148
blah,0.000100,0.000148
darren,0.000100,0.000482
street,0.000301,0.000296
request,0.000201,0.000296
loyalty,0.000802,0.000037
selection,0.000602,0.000037
infernal,0.000100,0.000185
bath,0.000100,0.000444
bluetooth,0.001003,0.000037
lover,0.000301,0.000296
king,0.000502,0.000185
advance,0.000100,0.000296
largest,0.000502,0.000037
worry,0.000100,0.000926
told,0.000100,0.002037
todays,0.001806,0.000185
finally,0.000201,0.000556
picking,0.000100,0.000482
born,0.000100,0.000185
yes,0.002207,0.003074
that,0.000100,0.002222
excuse,0.000100,0.000296
tyrone,0.000502,0.000037
yuo,0.000100,0.000185
fuck,0.000100,0.001074
idea,0.000100,0.000333
mother,0.000100,0.000296
easier,0.000100,0.000185
close,0.000502,0.000556
callers,0.000100,0.000222
package,0.000201,0.000148
term,0.000301,0.000111
standing,0.000100,0.000148
apply,0.003110,0.000111
company,0.000301,0.000593
tuition,0.000100,0.000296
ron,0.000100,0.000185
miss,0.000802,0.002593
help,0.002708,0.001370
double,0.001806,0.000259
small,0.000100,0.000444
discount,0.001003,0.000111
tampa,0.000100,0.000370
vry,0.000100,0.000259
collection,0.002708,0.000037
making,0.000100,0.000889
stoptxt,0.000702,0.000037
rally,0.000502,0.000037
addie,0.000100,0.000148
snake,0.000100,0.000148
town,0.000401,0.000963
skype,0.000100,0.000185
juz,0.000100,0.000963
listen,0.000301,0.000482
sex,0.001204,0.000111
abiola,0.000100,0.000444
gave,0.000100,0.000407
instituitions,0.000100,0.000185
shows,0.003210,0.000222
words,0.000100,0.000889
txtin,0.000502,0.000037
lucozade,0.000502,0.000037
tenants,0.000502,0.000037
realy,0.000100,0.000333
eatin,0.000100,0.000296
schedule,0.000301,0.000111
lab,0.000100,0.000185
accident,0.000301,0.000074
earlier,0.000100,0.000556
rental,0.001304,0.000037
jhl,0.000502,0.000037
interview,0.000100,0.000185
hella,0.000100,0.000185
surprise,0.000602,0.000296
lect,0.000100,0.000370
bros,0.000100,0.000148
what,0.000100,0.000852
mayb,0.000100,0.000519
belly,0.000100,0.000222
results,0.000401,0.000111
wrk,0.000100,0.000148
longer,0.000100,0.000333
pin,0.000201,0.000222
drug,0.000100,0.000222
winning,0.000100,0.000148
credits,0.001003,0.000037
radio,0.000201,0.000148
away,0.000502,0.000815
ldnw,0.000602,0.000037
somethin,0.000100,0.000222
oni,0.000100,0.000185
questions,0.000702,0.000259
super,0.000401,0.000148
called,0.000201,0.001222
expires,0.001806,0.000037
cum,0.000602,0.000370
bloke,0.000201,0.000111
iouri,0.000100,0.000148
feel,0.000100,0.002334
true,0.000702,0.000889
games,0.002006,0.000074
motorola,0.001204,0.000111
mistake,0.000201,0.000296
promises,0.000100,0.000148
drink,0.000100,0.000704
nights,0.000301,0.000222
bigger,0.000100,0.000148
correct,0.000502,0.000333
omw,0.000100,0.000296
following,0.000602,0.000111
jazz,0.000100,0.000222
force,0.000100,0.000148
person,0.000201,0.001593
happens,0.000100,0.000296
meds,0.000100,0.000259
brand,0.000502,0.000111
transaction,0.000100,0.000222
surprised,0.000100,0.000185
pence,0.000401,0.000037
movies,0.000100,0.000333
cell,0.000100,0.000296
wtf,0.000100,0.000185
gossip,0.000201,0.000111
billed,0.000401,0.000037
frndship,0.000100,0.000185
anytime,0.001304,0.000185
wonderful,0.000100,0.000593
kiss,0.000100,0.001185
tmr,0.000100,0.001074
info,0.001906,0.000111
boo,0.000100,0.000259
asleep,0.000100,0.000222
escape,0.000100,0.000185
grand,0.000100,0.000185
await,0.002006,0.000074
hee,0.000100,0.000519
call,0.001003,0.000037
find,0.000903,0.000037
medical,0.000100,0.000333
marry,0.000100,0.000259
discuss,0.000100,0.000222
wait,0.000301,0.002408
balance,0.001003,0.000185
dog,0.000100,0.000296
law,0.000100,0.000259
profit,0.000401,0.000074
hours,0.000702,0.000630
ave,0.000401,0.000222
teach,0.000100,0.000259
pleasure,0.000100,0.000296
polyphonic,0.000602,0.000037
surfing,0.000100,0.000222
rooms,0.000201,0.000185
kusruthi,0.000100,0.000185
porn,0.000502,0.000037
morning,0.000100,0.002963
hurt,0.000100,0.000852
paying,0.000201,0.000296
meaning,0.000100,0.000296
notice,0.000401,0.000185
issues,0.000301,0.000148
boy,0.000100,0.001222
noe,0.000100,0.000778
valued,0.001204,0.000111
handset,0.000702,0.000037
action,0.000502,0.000037
home,0.000301,0.006149
school,0.000100,0.001037
present,0.000100,0.000296
common,0.000100,0.000222
pongal,0.000100,0.000222
like,0.001404,0.008630
high,0.000401,0.000185
cancer,0.000100,0.000259
nyt,0.000502,0.000333
max,0.001204,0.000074
water,0.000100,0.000407
pack,0.000100,0.000185
player,0.001304,0.000148
wkg,0.000100,0.000148
past,0.000100,0.000296
friends,0.000602,0.001889
power,0.000100,0.000333
yijue,0.000100,0.000296
sooner,0.000100,0.000185
laughing,0.000100,0.000185
wkly,0.001505,0.000037
oic,0.000100,0.000148
ful,0.000100,0.000148
quite,0.000100,0.001333
email,0.000301,0.000667
add,0.000100,0.000333
rentl,0.000602,0.000037
sum,0.000100,0.000222
look,0.000401,0.001074
short,0.000100,0.000370
experience,0.000100,0.000296
sch,0.000100,0.000852
gets,0.000100,0.000444
cute,0.000201,0.000296
hurts,0.000100,0.000333
throat,0.000100,0.000185
baby,0.000301,0.001074
gay,0.000702,0.000111
dropped,0.000100,0.000222
realized,0.000100,0.000148
public,0.000100,0.000185
remains,0.000100,0.000148
second,0.000100,0.000704
trouble,0.000100,0.000333
tyler,0.000100,0.000259
answer,0.000903,0.000556
reading,0.000100,0.000519
solve,0.000100,0.000185
favour,0.000100,0.000185
dictionary,0.000100,0.000185
goodnight,0.000100,0.000370
locations,0.000602,0.000037
nimya,0.000100,0.000259
cream,0.000100,0.000185
chennai,0.000100,0.000593
sunshine,0.000903,0.000074
black,0.000201,0.000296
closed,0.000100,0.000259
including,0.000100,0.000296
murder,0.000100,0.000259
enjoyed,0.000301,0.000111
okay,0.000100,0.001037
sun,0.000201,0.000630
weeks,0.001003,0.000259
complimentary,0.001304,0.000037
txtauction,0.000702,0.000037
exact,0.000100,0.000185
male,0.000401,0.000037
great,0.001204,0.003889
dun,0.000100,0.002074
admirer,0.001103,0.000037
romantic,0.000201,0.000185
practice,0.000100,0.000185
instructions,0.000301,0.000074
incident,0.000100,0.000148
did,0.000301,0.004815
eve,0.000602,0.000593
aren,0.000100,0.000222
crab,0.000100,0.000148
irritating,0.000100,0.000148
pleased,0.000401,0.000148
voucher,0.001705,0.000074
sha,0.000100,0.000185
concert,0.000201,0.000111
moon,0.000401,0.000222
java,0.000602,0.000037
touch,0.000201,0.000630
holla,0.000100,0.000296
connection,0.000201,0.000185
nyc,0.000100,0.000185
afternoon,0.000100,0.001074
run,0.000100,0.000889
dnt,0.000100,0.000519
imma,0.000100,0.000296
sim,0.000301,0.000222
files,0.000100,0.000185
details,0.000903,0.000741
wit,0.000100,0.000593
aftr,0.000100,0.000259
letters,0.000100,0.000185
msg,0.005718,0.002148
shall,0.000100,0.001222
ldn,0.001103,0.000037
umma,0.000100,0.000333
sec,0.000100,0.000222
sept,0.000401,0.000074
record,0.000100,0.000148
statement,0.001705,0.000074
shesil,0.000100,0.000148
orchard,0.000100,0.000444
doing,0.000100,0.003297
pay,0.000201,0.001148
apparently,0.000100,0.000185
princess,0.000100,0.001222
wun,0.000100,0.000296
dogging,0.001204,0.000037
report,0.000100,0.000259
worries,0.000100,0.000370
photo,0.000401,0.000185
confirmed,0.000100,0.000148
knw,0.000100,0.000667
april,0.000100,0.000259
searching,0.000100,0.000222
boye,0.000100,0.000148
wid,0.000602,0.000630
study,0.000100,0.000407
wear,0.000100,0.000222
living,0.000201,0.000185
manda,0.000100,0.000185
pod,0.000502,0.000037
wont,0.000100,0.001222
fri,0.000301,0.000519
boss,0.000100,0.000370
door,0.000201,0.000296
cleaning,0.000100,0.000185
dsn,0.000100,0.000148
kadeem,0.000100,0.000148
entered,0.000702,0.000222
airport,0.000201,0.000185
atlanta,0.000100,0.000185
aight,0.000100,0.001259
office,0.000201,0.001148
costa,0.000802,0.000037
argument,0.000100,0.000222
google,0.000100,0.000222
quoting,0.000602,0.000037
peace,0.000100,0.000148
booked,0.000100,0.000407
hiya,0.000100,0.000370
where,0.000100,0.000333
works,0.000100,0.000259
note,0.000100,0.000185
phone,0.004715,0.003037
watching,0.000100,0.001296
offers,0.001404,0.000074
doin,0.000100,0.000407
ive,0.000100,0.000370
iam,0.000100,0.000333
keeping,0.000100,0.000259
official,0.000602,0.000074
vodafone,0.000702,0.000037
live,0.003009,0.000667
sunday,0.000100,0.000556
england,0.001003,0.000074
digital,0.000903,0.000074
blank,0.000100,0.000185
raise,0.000100,0.000185
ask,0.000100,0.003334
gym,0.000100,0.000482
fault,0.000100,0.000333
coffee,0.000100,0.000333
pink,0.000201,0.000111
issue,0.000100,0.000148
hold,0.000100,0.000556
touched,0.000100,0.000148
pounds,0.001806,0.000111
macho,0.000100,0.000148
concentrate,0.000100,0.000148
hello,0.000502,0.001852
specially,0.001003,0.000037
centre,0.000100,0.000222
easy,0.001304,0.000704
envelope,0.000301,0.000185
fullonsms,0.000100,0.000259
timing,0.000100,0.000222
text,0.012739,0.002593
hope,0.000502,0.004074
missed,0.000301,0.000926
grins,0.000100,0.000482
red,0.000401,0.000370
thnk,0.000100,0.000296
city,0.000401,0.000111
smoke,0.000100,0.000667
seeing,0.000100,0.000556
facebook,0.000100,0.000333
aathi,0.000100,0.000259
armand,0.000100,0.000259
remain,0.000100,0.000185
purity,0.000100,0.000185
really,0.000201,0.003185
thought,0.000201,0.001741
actually,0.000100,0.001222
catch,0.000100,0.000370
near,0.000100,0.000370
replied,0.000201,0.000222
afraid,0.000201,0.000148
prize,0.009329,0.000037
boytoy,0.000100,0.000630
party,0.000100,0.000593
torch,0.000100,0.000296
becoz,0.000100,0.000185
yer,0.000502,0.000037
word,0.002608,0.000519
goodmorning,0.000100,0.000593
turn,0.000201,0.000148
thk,0.000100,0.001889
poly,0.002107,0.000037
yahoo,0.000301,0.000259
losing,0.000100,0.000185
dislikes,0.000100,0.000148
explain,0.000100,0.000185
special,0.002006,0.001222
private,0.001906,0.000074
alex,0.000100,0.000333
registered,0.000502,0.000185
evng,0.000100,0.000259
places,0.000100,0.000222
thursday,0.000100,0.000222
fell,0.000100,0.000148
sent,0.001103,0.002259
leave,0.000301,0.002074
hand,0.000100,0.000593
cardiff,0.000100,0.000148
india,0.000201,0.000482
representative,0.001103,0.000037
kick,0.000401,0.000222
hop,0.000100,0.000296
settled,0.000100,0.000185
jus,0.000100,0.001333
reference,0.000502,0.000185
izzit,0.000100,0.000296
accidentally,0.000100,0.000185
tired,0.000100,0.000519
rain,0.000100,0.000370
vijay,0.000100,0.000185
forgot,0.000100,0.001222
land,0.001906,0.000037
country,0.000502,0.000148
expecting,0.000100,0.000222
tenerife,0.000802,0.000037
got,0.000802,0.008667
hard,0.000401,0.000519
frnds,0.000100,0.000556
perfect,0.000201,0.000148
cruise,0.000301,0.000074
miracle,0.000100,0.000296
turns,0.000100,0.000259
sure,0.000100,0.002667
rite,0.000100,0.000741
kallis,0.000100,0.000296
bcm,0.000602,0.000037
stops,0.000100,0.000148
dresser,0.000100,0.000148
rate,0.003009,0.000111
bother,0.000100,0.000296
dey,0.000100,0.000296
sunny,0.000100,0.000259
howz,0.000100,0.000259
natural,0.000100,0.000148
yeah,0.000201,0.003222
coming,0.000100,0.001926
better,0.000201,0.001593
old,0.000301,0.000704
lovable,0.000100,0.000444
fetch,0.000100,0.000259
deliveredtomorrow,0.000401,0.000037
men,0.000301,0.000296
giv,0.000201,0.000148
didn,0.000100,0.001815
valentines,0.000301,0.000296
battery,0.000100,0.000296
choice,0.000401,0.000111
befor,0.000100,0.000185
sugar,0.000100,0.000185
lunch,0.000100,0.001741
taking,0.000201,0.000667
watch,0.000100,0.001259
expensive,0.000100,0.000259
pple,0.000100,0.000222
purpose,0.000502,0.000037
titles,0.000401,0.000037
sound,0.000201,0.000444
greet,0.000301,0.000148
hun,0.000100,0.000222
answers,0.000100,0.000185
evry,0.000100,0.000148
thanksgiving,0.000100,0.000148
posted,0.000100,0.000259
important,0.001304,0.000556
heard,0.000401,0.000370
checking,0.000100,0.000444
sol,0.000802,0.000037
fall,0.000201,0.000222
ppl,0.000100,0.000185
things,0.000301,0.001963
daddy,0.000100,0.000333
time,0.001906,0.007482
heart,0.000401,0.001741
line,0.003611,0.000333
lady,0.000100,0.000259
world,0.000201,0.001408
nope,0.000100,0.000593
noon,0.000100,0.000370
texting,0.000201,0.000222
shortly,0.000401,0.000074
alright,0.000100,0.000926
station,0.000201,0.000259
ttyl,0.000100,0.000259
prey,0.000100,0.000148
frnd,0.000702,0.000407
walking,0.000100,0.000296
flat,0.000100,0.000222
deliver,0.000100,0.000222
purchase,0.000401,0.000074
hear,0.000401,0.001111
wot,0.000201,0.000963
campus,0.000100,0.000259
lik,0.000100,0.000222
rem,0.000100,0.000222
smart,0.000301,0.000111
wanting,0.000201,0.000148
going,0.000502,0.006297
xxx,0.001304,0.000852
gift,0.002207,0.000296
ago,0.000100,0.000519
prefer,0.000100,0.000148
bat,0.000100,0.000148
jay,0.000100,0.000556
ordered,0.000401,0.000074
energy,0.000401,0.000296
dry,0.000100,0.000185
calls,0.001906,0.000593
return,0.000201,0.000259
ass,0.000100,0.000519
lemme,0.000100,0.000333
uni,0.000100,0.000222
talent,0.000100,0.000148
vouchers,0.002207,0.000037
relax,0.000100,0.000259
thank,0.000201,0.001074
kids,0.000100,0.000407
ice,0.000201,0.000333
plenty,0.000100,0.000259
basic,0.000100,0.000185
loan,0.000502,0.000222
clean,0.000100,0.000444
sed,0.000201,0.000222
qatar,0.000100,0.000259
problems,0.000100,0.000259
totally,0.000201,0.000185
roger,0.000100,0.000185
lost,0.000301,0.000444
indian,0.000100,0.000259
saying,0.000100,0.000778
final,0.001705,0.000111
secret,0.001103,0.000222
stylish,0.000100,0.000222
whats,0.000201,0.000630
nigeria,0.000100,0.000333
egg,0.000100,0.000222
hunny,0.000100,0.000185
tone,0.006119,0.000037
offer,0.002809,0.000296
meeting,0.000100,0.001630
birthday,0.000201,0.001333
mood,0.000100,0.000333
share,0.000100,0.000296
draw,0.004012,0.000222
real,0.001404,0.000926
update,0.002006,0.000222
kinda,0.000201,0.000333
family,0.000100,0.000852
lands,0.001605,0.000074
phones,0.001304,0.000074
reached,0.000100,0.000407
checked,0.000100,0.000259
passed,0.000100,0.000185
caught,0.000100,0.000148
check,0.000502,0.001333
dis,0.000301,0.001074
til,0.000100,0.001000
regarding,0.000100,0.000148
days,0.001705,0.001259
savamob,0.001505,0.000037
awaiting,0.000903,0.000037
sign,0.000301,0.000259
out,0.000502,0.000148
height,0.000100,0.000185
kindly,0.000100,0.000148
std,0.001204,0.000037
rply,0.000602,0.000259
upto,0.000301,0.000111
yun,0.000100,0.000222
dinner,0.000100,0.001370
tones,0.003110,0.000037
ans,0.000702,0.000259
seriously,0.000100,0.000370
cinema,0.000401,0.000222
croydon,0.000802,0.000037
toclaim,0.000702,0.000037
month,0.000903,0.001185
goto,0.000702,0.000111
announcement,0.000702,0.000037
went,0.000100,0.002334
didnt,0.000100,0.001148
picked,0.000502,0.000185
track,0.000100,0.000259
receiving,0.000301,0.000111
sending,0.000301,0.000407
slept,0.000100,0.000333
germany,0.000401,0.000037
people,0.000401,0.001778
usual,0.000100,0.000407
xchat,0.000602,0.000037
seven,0.000100,0.000148
reach,0.000602,0.001000
code,0.003110,0.000074
order,0.001505,0.000296
dreams,0.000100,0.000778
round,0.000201,0.000296
boys,0.000301,0.000185
mite,0.000100,0.000185
coz,0.000100,0.000852
takes,0.000502,0.000482
silent,0.000100,0.000370
cbe,0.000100,0.000222
wrc,0.000502,0.000037
right,0.000401,0.003334
best,0.001003,0.001519
parents,0.000100,0.000667
genuine,0.000401,0.000037
fighting,0.000100,0.000222
relation,0.000100,0.000222
head,0.000100,0.000741
ignore,0.000201,0.000185
sonyericsson,0.000602,0.000037
lousy,0.000100,0.000148
haven,0.000201,0.000926
murdered,0.000100,0.000296
tells,0.000301,0.000148
rcv,0.000502,0.000037
petrol,0.000100,0.000148
years,0.000802,0.000815
believe,0.000301,0.000741
dollars,0.000100,0.000222
linerental,0.000602,0.000037
prepare,0.000100,0.000185
fightng,0.000100,0.000148
new,0.007022,0.002519
match,0.000702,0.000222
gardener,0.000100,0.000148
know,0.002608,0.008778
cos,0.000100,0.002852
friend,0.001204,0.001556
nah,0.000100,0.000407
convey,0.000100,0.000407
lessons,0.000100,0.000370
doggy,0.000100,0.000148
naughty,0.000100,0.000296
lives,0.000100,0.000185
simple,0.000201,0.000704
homeowners,0.000401,0.000037
babe,0.000903,0.002630
fun,0.001003,0.000889
plus,0.000802,0.000704
doesnt,0.000100,0.000370
weekends,0.000602,0.000148
funny,0.000100,0.000333
spk,0.000100,0.000185
